Symbol,ISIN,Company Name,Sector,Industry,MarkeCap,PE Ratio,Business Summary
ADANIPORTS,INE742F01042,Adani Ports and Special Economic Zone Limited,Industrials,Marine Shipping,2947869048832.00,26.52267,"Adani Ports and Special Economic Zone Limited, together with its subsidiaries, develops, operates, and maintains port infrastructure in India. The company is involved in the operation of ports and terminals, including bulk and break bulk, container, liquid, LPG, LNG, and crude cargo; ports related infrastructure development activities; and development of infrastructure at contiguous Special Economic Zone at Mundra. It also offers logistic services, which include logistic parks, container rail and bulk cargo logistic solutions, and warehousing, as well as auto, road, and agriculture logistic services. In addition, the company operates a fleet of dredging and reclamation service equipment comprising cutter suction, trailing suction hopper, grab, inland cutter suction, water injection, and specialized dredgers; split hopper, flat top, and jack up barges; and multi utility craft, survey vessels, floating crane, drag flow unit, and floating booster, as well as dozers, excavators, loaders, and other equipment. Further, it provides non-scheduled passenger airline services; hospital and related services; and marine services, such as pilotage, laying, mooring of vessels at berth and mid-stream, and maintenance of buoys. Additionally, the company engages in the development, construction, operation, and maintenance of railway corridors; land development activities; integrated textile park and container freight station businesses; owns and operates harbour tugs, barges, other port crafts, ocean towage and offshore support vessels; and provision of cargo storage-cum logistics services. The company was incorporated in 1998 and is headquartered in Ahmedabad, India."
APOLLOHOSP,INE437A01024,Apollo Hospitals Enterprise Limited,Healthcare,Medical Care Facilities,1037264945152.00,71.866905,"Apollo Hospitals Enterprise Limited, together with its subsidiaries, engages in the provision of healthcare services in India and internationally. It operates through Healthcare Services, Retail Health & Diagnostics, Digital Health & Pharmacy Distribution, and Others segments. The company's healthcare facilities comprise primary, secondary, and tertiary care, as well as specialty facilities. It offers services in cardiac sciences, orthopaedics, oncology, neurosciences, emergency, robotic surgery, and transplants; and cardiology, neurology, gastroenterology, dermatology, ophthalmology, paediatric, endocrinology, gynaecology, urology, nephrology, pulmonology, rheumatology, neurosurgery, radiology, plastic-surgery, neonatology, vascular-surgery, psychiatry, dentistry, ear, nose, and throat care, as well as genomic medicines. The company also provides other services, such as project consultancy, health insurance, medical colleges, med varsity for e-learning, and research services. In addition, it operates pharmacies, primary care clinics, birthing centres, specialized birthing centres, dialysis centres, cradle and fertility centres, diabetes management centres, single specialty clinics, primary health centres and diagnostic chains, dental clinics, and daycare and home healthcare centres. Further, the company engages in the business of bio-banking of tissues. It serves through national retail healthcare centres and genomics institutes, as well as Apollo 24/7, a digital health mobile platform; and www.apollopharmacy.in, an online pharmacy. The company was incorporated in 1979 and is based in Chennai, India."
ASIANPAINT,INE021A01026,Asian Paints Limited,Basic Materials,Specialty Chemicals,2370541977600.00,65.86464,"Asian Paints Limited, together with its subsidiaries, engages in the manufacture, distribution, and sale of paints, coatings, and products related to home decoration and bath fittings in India, Asia, the Middle East, Africa, and the South Pacific region. The company offers wall coverings; waterproofing products; adhesives; and bath fittings and sanitaryware, modular kitchens and wardrobes, fabric, furnishings and rugs, decorative lightings, unplasticized polyvinyl chloride windows and door systems, textures and painting aids, and mechanized tools, as well as personalized interior design, homes painting, colour consultancy projects, and homes services; and wood solutions. It also provides interior and exterior wall finishes, enamels, tools, undercoats, thinners, and varnishers. The company offers its products under the Asian Paints, SCIB Paints, Paco Coatings, Asian Paints Berger, Taubman's, Asian Paints Causeway, and Ka disco Asian Paints brand names through a network of dealers and retail stores, as well as operates asianpaints.com, an online shop. Asian Paints Limited was founded in 1942 and is headquartered in Mumbai, India."
AXISBANK,INE238A01034,Axis Bank Limited,Financial Services,Banks - Regional,3317492875264.00,11.947051,"Axis Bank Limited provides various financial products and services in India and internationally. The company operates through four segments: Treasury, Retail Banking, Corporate/Wholesale Banking, and Other Banking Business. It provides fixed, recurring, and safe deposits; and saving, salary, current, safe custody, pension disbursement, and demat and trading accounts. The company also offers home, personal, business, car, two-wheeler, commercial vehicle construction equipment, education, gold, trade, and supply chain loans, as well as loans against securities, fixed deposits, properties, and credit cards; and overdrafts. In addition, it provides credit and debit cards; mutual and debt funds; governmental investment products, such as public provident fund, floating rate saving bonds, and national pension system; digital gold and sovereign gold bonds; digital rupee; insurance services, such as life, general, and health insurance; and various forex products and services. Further, the company offers phone, digital, and mobile banking services, as well as ATM services. Additionally, it provides equity, derivative trading, central funding unit, financial and corporate advisory, NRI, para banking, placements and syndication, project appraisal, capital market, and cash management services. The company was formerly known as UTI Bank Limited and changed its name to Axis Bank Limited in July 2007. Axis Bank Limited was incorporated in 1993 and is headquartered in Mumbai, India."
BAJAJ-AUTO,INE917I01010,Bajaj Auto Limited,Consumer Cyclical,Auto Manufacturers,2297561088000.00,31.410305,"Bajaj Auto Limited, together with its subsidiaries, engages in the development, manufacture, and distribution of automobiles in India and internationally. The company offers motorcycles, bikes, commercial vehicles, electric two-wheelers, and three-wheeler, as well as related parts and accessories. It also exports its products. The company was founded in 1945 and is based in Pune, India."
BAJFINANCE,INE377Y01014,Bajaj Finance Limited,Financial Services,Credit Services,5452924977152.00,31.247774,"Bajaj Finance Limited operates as a deposit-taking non-banking financial company in India. The company offers financing for various products, such as consumer electronics, furniture, digital products, e-commerce purchases, retail spends, and two and three-wheelers; and personal, unsecured, home, and secured, gold, and car loans. It also provides secured and unsecured loans to micro, small, and medium enterprises (MSMEs), SMEs, and professionals; loans against property, mutual funds, insurance policies, and shares; developer finance and lease rental discounting services; and new and used car financing, and tractor financing. In addition, the company also offers commercial and rural lending; public and corporate deposits; loans against securities; micro-finance and auto financing lending; and broking and margin trade financing services. Further, it distributes life, health, and general insurance products. The company was formerly known as Bajaj Auto Finance Limited and changed its name to Bajaj Finance Limited in September 2010. The company was incorporated in 1987 and is based in Pune, India. Bajaj Finance Limited is a subsidiary of Bajaj FinServ Ltd."
BAJAJFINSV,INE917I01010,Bajaj FinServ Ltd.,Financial Services,Financial Conglomerates,3067673313280.00,32.58945,"Bajaj FinServ Ltd., through its subsidiaries, provides financial services in India. The company operates through Life Insurance, General Insurance, Windmill, Retail Financing, and Investments and Others segments. It offers personal, business, home, home renovation, commercial, car, and gold loans; two- and three-wheeler loans; mortgages; education loans; unsecured and secured loans to small and medium-sized enterprises and professionals, as well as micro, small and medium enterprises; loans against properties, securities, car, mutual funds, bonds, and insurance policy; financing for products, such as consumer electronics, digital, lifecare, furniture, etc.; developer financing; and lease rental discounting products. The company also provides investment products, including fixed deposits, systematic deposit plans, and mutual funds; savings products; life, health, motor, fire, engineering, liabilities, marine, crop, car, two-wheeler, pet, home, travel, and personal accident insurance products; wealth management and retirement planning services; healthcare services comprising wellness, outpatient, and inpatient services; and wallets and credit cards. In addition, it offers pocket subscription plans; bill and recharge services; digital technology services; and trading and demat account, stock broking, margin trading, and HNI and retail broking services, as well as gold loans. Further, the company owns and operates 138 windmills with total installed capacity of 65.2 megawatts. Bajaj FinServ Ltd. was incorporated in 2007 and is based in Pune, India."
BPCL,INE029A01011,Bharat Petroleum Corporation Limited,Energy,Oil & Gas Refining & Marketing,1375958335488.00,10.168323,"Bharat Petroleum Corporation Limited engages in refining crude oil and marketing petroleum products in India and internationally. It operates through two segments, Downstream Petroleum; and Exploration and Production of Hydrocarbons. The company operates fuel stations that sell motor spirits, high-speed diesel, blended fuels, compressed and liquefied natural gas, automotive liquefied petroleum gas (LPG), and lubricants; operate convenience stores, restaurants, and electric vehicle charging facilities; and offer ATM, money transfer, insurance, and vehicle care services. It also provides LPG for domestic, commercial, and metal cutting applications under the Bharatas brand name; automobile lubricants, such as automotive engine and gear oils, greases, and specialties, as well as industrial lubricants under the MAK brand; jet fuel; and aviation services, including transportation, storage, and into plane services. In addition, the company offers industrial fuels products, white oils, bitumen and specialty bitumen, petcock, sulphur, solvents, petrochemicals, bunkering, and petrochemical feedstock products; and operates pipelines to transport petroleum products. Further, it exports naphtha and fuel oils; and engages in city gas distribution activities. The company's marketing infrastructure includes a network of installations, depots, retail outlets, aviation fuelling stations, and LPG distributors. The company was formerly known as Bharat Refineries Limited and changed its name to Bharat Petroleum Corporation Limited in August 1977. Bharat Petroleum Corporation Limited was incorporated in 1952 and is based in Mumbai, India."
BHARTIARTL,INE263A01024,Bharti Airtel Limited,Communication Services,Telecom Services,11600229564416.00,34.484848,"Bharti Airtel Limited operates as a telecommunications company in India and internationally. It operates through the Mobile Services India, Mobile Services Africa, Mobile Services South Asia, Airtel Business, Passive Tower Infrastructure Services, Homes Services, Digital TV Services, and Others segments. The company provides voice and data telecom services through wireless technology including 2G/3G/4G/5G services; passive infrastructure service, including the setup, operation, and maintenance of wireless communication towers; home services covering voice and data communications through fixed-line network, wireless network, and broadband technology for homes; and digital TV services comprising digital broadcasting services under the DTH platform and IPTV services. It also engages in the airtel business that includes network integration, managed services, Capa's, PaaS, cloud, cybersecurity, IoT, and data center services, as well as enterprise mobility applications. In addition, the company offers post-paid, prepaid, roaming, internet, and various value-added services, as well as mobile TV, video calls, live-streaming videos, gaming, video streaming, and other services. The company was formerly known as Bharti Tele-Ventures Limited and changed its name to Bharti Airtel Limited in April 2006. Bharti Airtel Limited was incorporated in 1995 and is headquartered in New Delhi, India."
BRITANNIA,INE216A01030,Britannia Industries Limited,Consumer Defensive,Packaged Foods,1325857898496.00,60.669014,"Britannia Industries Limited manufactures and sells various food products in India and internationally. The company offers biscuits under the Good Day, Marie Gold, Nutri Choice, Milk Bikes, Tiger, 50-50, Jim Jam, Britannia Bourbon, Little Hearts, Treat, Pure Magic, Nice Time, and Biscoe brand names; cakes under the Muffills, Fudge It, Gobbles, Layers, Tiffin Fun, Rolly, and Nut & Raisin Romance Cake brand names; rusks under the Toasted brand; center filled croissants under the Treat Croissant brand; wafers under Treat Creme Wafers brand; and Snacks under Time Pass brand name. It also offers dairy products, such as cheese and dairy whitener, as well as gourmet, wheat flour, and white breads under Britannia brand; milkshakes, lassi, and flavoured milk under Winking' Cow brand; paneer and Dahi under Come Alive brand; and nutritious bars under Be You Protein Bars brand name. The company exports its products to approximately 80 countries worldwide. Britannia Industries Limited was founded in 1892 and is based in Bengaluru, India."
CIPLA,INE059A01026,Cipla Limited,Healthcare,Drug Manufacturers - Specialty & Generic,1194910547968.00,22.16512,"Cipla Limited, together with its subsidiaries, manufactures, develops, sells, and distributes pharmaceutical products in India, the United States, South Africa, and internationally. The company operates through Pharmaceuticals and New Ventures segments. It offers generic and branded generic medicines, vaccines, active pharmaceutical ingredients, and formulations for various therapeutic areas, such as MI, angina, heart disease, pulmonary disease, kidney failure, Alzheimer's disease, hypertension, arrhythmia, lipid abnormalities and diabetes, obesity, central nervous system, HIV/AIDS, respiratory, asthma, urology, oncology, cardio-metabolism, child health, infectious diseases and critical care, hepatitis, women's health, ophthalmology, and neuro psychiatry. The company is also involved in the consumer healthcare, biosimilars, and specialty businesses. Cipla Limited was incorporated in 1935 and is based in Mumbai, India."
COALINDIA,INE522F01014,Coal India Limited,Energy,Thermal Coal,2320884039680.00,7.003906,"Coal India Limited, together with its subsidiaries, produces and sells coal and coal products in India. The company offers coking coal for steel making and metallurgical industries, as well as for hard coke manufacturing; semi coking coal for blend-able coal in steel making, merchant coke manufacturing, and other metallurgical industries; and non-coking coal for thermal grade coal for cement, fertilizer, glass, ceramic, paper, chemical, and brick manufacturing, as well as power generation and other heating purposes. It also provides washed and beneficiated coal for manufacturing of hard coke for steel making and power generation, as well as for cement, sponge iron, and other industrial plants; middling products for power generation, domestic fuel plants, brick manufacturing units, cement plants, and industrial plants, etc.; and rejects products for fluidized bed combustion boilers for power generation, road repairs, briquette making, and land filling, etc. In addition, the company offers CIL/LTC coke for use in furnaces and kilns of industrial units, as well as domestic fuel by hallways, and hotels, etc.; coal/coke fines for use in industrial furnaces and domestic purposes; and tar, heavy and light oil, and soft pitch for use in furnaces and boilers of industrial plants, power houses, oil, dye, and pharmaceutical industries, etc. Further, it engages in coal mining and gasification; consultancy support in coal and mineral exploration; and renewable and solar energy. The company was formerly known as Coal Mines Authority Limited and changed its name to Coal India Limited in January 1975. Coal India Limited was incorporated in 1973 and is headquartered in Kolkata, India."
DIVISLAB,INE361B01024,Divi's Laboratories Limited,Healthcare,Drug Manufacturers - Specialty & Generic,1669534449664.00,76.3043,"Divi's Laboratories Limited engages in the manufacture and sale of generic active pharmaceutical ingredients (APIs), intermediates, and nutraceuticals in India, North America, Asia, Europe, and internationally. The company also undertakes custom synthesis contract manufacturing services of APIs and intermediates; and supplies a range of carotenoids, such as beta carotene, astaxanthin, lycopene, and canthaxanthin, as well as lutein and vitamins used in the food, beverage, dietary supplement, pet food, and feed industries. It also exports its products. The company was formerly known as Divi's Research Centre and changed its name to Divi's Laboratories Limited in 1994. Divi's Laboratories Limited was incorporated in 1990 and is based in Hyderabad, India."
DRREDDY,INE089A01031,Dr. Reddy's Laboratories Limited,Healthcare,Drug Manufacturers - Specialty & Generic,998595428352.00,17.603813,"Dr. Reddy's Laboratories Limited, together with its subsidiaries, operates as an integrated pharmaceutical company North America, Europe, India, Russia, and internationally. It operates through Global Generics, Pharmaceutical Services and Active Ingredients (PSAI), and Others segment. The Global Generics segment manufactures and markets prescription and over-the-counter finished pharmaceutical products that are marketed under a brand name or as a generic finished dosages with therapeutic equivalence to branded formulations, as well as engages in the biologics business. The PSAI segment manufactures and markets active pharmaceutical ingredients and intermediates, which are principal ingredients for finished pharmaceutical products. This segment also provides contract research services; and manufactures and sells active pharmaceutical ingredients and steroids with the customer requirements. The Others segment engages in developing therapies in the fields of oncology and inflammation; and research and development of differentiated formulations. The company offers its products for various therapeutic categories, including gastro-intestinal, cardiovascular, anti-diabetic, dermatology, oncology, respiratory, stomatology, urology, and nephrology, vaccines and pain management. Dr. Reddy's Laboratories Limited was incorporated in 1984 and is headquartered in Hyderabad, India."
EICHERMOT,INE066A01021,Eicher Motors Limited,Consumer Cyclical,Auto Manufacturers,1557899116544.00,32.25257,"Eicher Motors Limited, an automobile company, engages in the manufacture and sells of motorcycles and commercial vehicles in India and internationally. The company designs, develops, manufactures, assembles, and sells two-wheelers; motorcycle accessories; and apparel, such as protective riding apparel, urban casual wear, and riding accessories for men and women. It owns the Royal Enfield motorcycle brand that offers Classic 350, Bullet 350, Meteor 350, Hunter 350, Himalayan 450, Scram 411, Interceptor 650, Continental GT 650, Super Meteor 650, Shotgun 650, and Thunderbird models. The company also offers through its joint venture, Volvo Eicher Commercial Vehicles Limited, manufactures and sells light and medium duty trucks, heavy duty trucks, and buses under the Eicher and Volvo brands; and connected vehicles under Eicher LIVE. In addition, it provides medium-duty base engines, engineering components, and aggregates. The company was founded in 1901 and is headquartered in Chennai, India."
GRASIM,INE047A01021,Grasim Industries Limited,Basic Materials,Building Materials,1882102431744.00,50.084866,"Grasim Industries Limited, together with its subsidiaries, primarily produces cellulosic fibres, diversified chemicals, fashion yarns, and fabrics in India and internationally. The company operates through Cellulosic Fibres, Chemicals, Building Materials, Financial Services, and Others segments. It offers cellulosic staple fibre; and cellulosic fashion yarn; chlor-alkali comprising caustic soda; chlorine derivatives, and specialty chemicals, that include epoxy polymers and curing agents. The company also provides grey cement, white cement-based putty, and ready-mix concrete; and decorative paints comprising interior and exterior water- based paints, enamel paints, wood finishes, waterproofing solutions, and wallpapers under the Birla Opus brand name. In addition, it operates Birla Pivot, a business-to-business e-commerce platform for building and construction materials; and offers non-banking financial services, housing finance, asset management, and health and life insurance, protection, investments, advisory, and value-added services. Further, the company provides textile products, such as linen fabrics, wool tops and worsted yarn, and cotton fabrics under Linen Club, Cavallo, Sotas, and Giza House brands; manufactures and sells ceramic and composite insulators for transmission and distribution lines, sub-stations, power equipment, and railway electrification industries; and engages in generating clean energy using solar, wind, hybrid, and floating solar systems. The company was incorporated in 1947 and is based in Mumbai, India."
HCLTECH,INE860A01027,HCL Technologies Limited,Technology,Information Technology Services,3977808707584.00,23.487442,"HCL Technologies Limited provides IT and business services, engineering and research and development services, and modernized software products and IP-led offerings. It operates through IT and Business Services; Engineering and R&D Services; and HCL Software segments. The company provides application development, management, modernization, and testing, as well as commercial applications; automation services, including digital integration, business process management, robotic process automation for intelligent automation, and low and no code services; digital process operations, such as customer experience management, hyper intelligent automation, supply chain management, finance and accounting, marketing operations and content, and human resource services; and data and AI services consisting of strategy and advisory, modernize data, simplify insights, and scale AI. It also offers commercial applications for sales, accounting, finance, HR, inventory, and manufacturing operations; cybersecurity services; systems engineering, simulation process and data management, manufacturing engineering, supplier collaboration, and digital thread and twin, as well as application, service, and product lifecycle management; and Holtec Career Shaper, a learning and assessment platform. In addition, the company provides cloud engineering, digital platform engineering, digital commerce and manufacturing, silicon platform solutions, 5G engineering, Semi Cloud, and Airtech services; and IT enablement and service desk, unified communication and collaboration, workplace assessment and automation, mobility services, and cloud office. Further, it offers intelligent operations, internet of things, marketing services, operational technology, product engineering, supply chain, and unified service management, as well as enterprise network solutions. The company was founded in 1976 and is headquartered in Noida, India."
HDFCBANK,INE040A01034,HDFC Bank Limited,Financial Services,Banks - Regional,15262938038272.00,22.58666,"HDFC Bank Limited provides banking and financial products and services to individuals and businesses in India, Bahrain, Hong Kong, Singapore, and Dubai. The company operates through Treasury, Retail Banking, Wholesale Banking, Other Banking Business, Insurance Business, and Other segments. It offers savings, salary, current, rural, public provident fund, pension, and demat accounts; fixed and recurring deposits; and safe deposit lockers, as well as offshore accounts and deposits, and overdrafts against fixed deposits. The company also provides personal, home, car, two-wheeler, business, doctor, educational, gold, consumer, and rural loans; loans against properties, securities, mutual funds, rental receivables, and assets; loans for professionals; government sponsored programs; and loans on credit card, as well as working capital and commercial/construction equipment finance, healthcare/medical equipment, commercial vehicle finance, dealer finance, and term loans. In addition, it offers credit, debit, prepaid, forex, and kisan gold cards; payment and collection, export, import, remittance, bank guarantee, letter of credit, trade, hedging, and merchant and cash management services; and insurance and investment products. Further, the company provides short term finance, bill discounting, structured finance, export credit, loan repayment, custodial, and documents collection services; online, mobile, and phone banking services; unified payment interface, immediate payment, national electronic funds transfer, and real time gross settlement services; channel financing, vendor financing, reimbursement account, money market, derivatives, employee trusts, cash surplus corporates, tax payment, and bankers to rights/public issue services; and financial solutions for supply chain partners and agricultural customers. It operates branches and automated teller machines in various cities/towns. The company was incorporated in 1994 and is headquartered in Mumbai, India."
HDFCLIFE,INE795G01014,HDFC Life Insurance Company Limited,Financial Services,Insurance - Life,1595352809472.00,84.70791,"HDFC Life Insurance Company Limited provides individual and group insurance solutions in India. It offers insurance and investment products, such as protection, pension, savings, investment, annuity, and health, as well as term, investment, and life insurance plans. The company was formerly known as HDFC Standard Life Insurance Company Limited changed its name to HDFC Life Insurance Company Limited in January 2019. HDFC Life Insurance Company Limited was incorporated in 2000 and is headquartered in Mumbai, India. HDFC Life Insurance Company Limited operates as a subsidiary of HDFC Bank Limited."
HEROMOTOCO,INE066F01020,Hero MotoCorp Limited,Consumer Cyclical,Auto Manufacturers,896084541440.00,20.479652,"Hero MotoCorp Limited primarily engages in the manufacture and sale of motorised two wheelers in India, Asia, Central and Latin America, Africa, and the Middle East. The company offers motorcycles and scooters, as well as electric scooters. It provides engines, parts, and accessories, as well as non-banking financial and other related services. The company is also involved in merchandise business. The company was formerly known as Hero Honda Motors Ltd. and changed its name to Hero MotoCorp Limited in July 2011. Hero MotoCorp Limited was incorporated in 1984 and is based in New Delhi, India."
HINDALCO,INE066F01020,Hindalco Industries Limited,Basic Materials,Aluminium,1539656646656.00,9.567,"Hindalco Industries Limited, together with its subsidiaries, manufactures and distributes aluminium and copper products in India, the United States, Brazil, South Korea, the United Kingdom, Germany, China, and internationally. It operates through Novelis, Aluminium Upstream, Aluminium Downstream, and Copper segments. The company offers primary aluminium, such as ingots, wire rods, primary foundry alloys, and billets; flat rolled products, including building and pattern sheets, PCB entry and cold-rolled sheets, closure and fin stocks, cable wrap and lamp cap stocks, foil and lithe stocks, spiral fin stocks, circles, hot-rolled plates, cold-rolled coils, and flooring sheets/tread plates; extrusions; and foils, as well as aluminium sheet and light gauge products. It also engages in bauxite and coal mining, refineries, and metal and power; and specialty alumina solutions, including refractory, ceramic, polishing, flame retardant, battery, and water treatment solutions. In addition, the company provides copper wire and recycled rods, alloy rods, IGT tubes, and cathodes; precious metals, such as gold and silver bars, selenium, and platinum group metals; and di-ammonium phosphate, as well as internally grooved copper tube and copper scrap recycling operations. Further, it provides investment, cargo, management, aluminium import and export, engineering, cash management, sales, and welfare services. The company exports its products. It offers its products under the Prize, Eco Edge G, Eco Edge C, Everlast, Eternia, Firetrap, FUSALOX, and Totalise brands. The company serves the building and construction, batteries and renewable energy, commercial transport, consumer durables, circularity and home solutions, defence and aerospace, electrical and power, industrial machinery, packaging, and personal mobility industries. Hindalco Industries Limited was incorporated in 1958 and is headquartered in Mumbai, India."
HINDUNILVR,INE030A01027,Hindustan Unilever Limited,Consumer Defensive,Household & Personal Products,5982784061440.00,56.10315,"Hindustan Unilever Limited, a consumer good company, manufactures and sells food, home care, personal care, and refreshment products in India and internationally. It operates through the Home Care, Beauty and Wellbeing, Personal Care, Foods, and Other segments. The Home Care segment offers detergent bars, detergent powders, detergent liquids, and scourgers. Its Beauty and Wellbeing segment provides skin care and hair care products. The Personal Care segment offers skin cleansing, oral care, and deodorants. Its Food segment provides culinary products, such as tomato based products, fruit based products, soups, etc., as well as tea, coffee, lifestyle nutrition, ice-cream, and frozen desserts. The Other segment engages in export and consignment activities. The company is also involved in beauty salons, job work, real estate, and discharge trust business. Hindustan Unilever Limited was founded in 1888 and is headquartered in Mumbai, India."
ICICIBANK,INE090A01021,ICICI Bank Limited,Financial Services,Banks - Regional,10457500876800.00,19.668118,"ICICI Bank Limited, together with its subsidiaries, engages in the provision of various banking and financial services to retail and corporate customers in India and internationally. The company operates through Retail Banking, Wholesale Banking, Treasury, Other Banking, Life Insurance, General Insurance, and Others segments. It offers savings, salary, pension, current, trade, escrow, foreign currency, and vostro accounts, as well as time, fixed, recurring, and security deposits. The company also provides home, car, two-wheeler, personal, education, gold, and commercial business loans, as well as loans against securities, shares, mutual funds, and property; working capital finance, term loans, collateral free loans, loans without financials, finance for importers and exporters, and overdraft facilities, as well as loans for new entities and card swipes; and credit, debit, prepaid, travel, forex, and corporate cards. In addition, it offers pockets wallet; fixed income products; investment products, such as mutual funds, gold monetization schemes, initial public offerings, and other online investment services; and Agri and rural business, farmer finance, tractor loans, and micro banking services. Further, the company provides portfolio management, trade, foreign exchange, locker, private and NRI banking, and cash management services; family wealth and demat accounts; commercial and investment banking, capital market, custodial, and institutional banking services; general, life health, personal accident, fire, travel, and motor insurance products; and internet, mobile, and phone banking services. Additionally, it offers securities investment, broking, trading, and underwriting services; and merchant banking, trusteeship, housing finance, pension fund management, asset management, investment advisory, points of presence, and private equity/venture capital fund management services. The company was founded in 1955 and is headquartered in Mumbai, India."
INDUSINDBK,INE726G01019,IndusInd Bank Limited,Financial Services,Banks - Regional,626594742272.00,62.10811,"IndusInd Bank Limited engages in the provision of various banking products and services to individuals, NRIs, business owners, corporates, and government and financial institutions. It operates through four segments: Treasury, Corporate/Wholesale Banking, Retail Banking, and Other Banking Operations. The company offers current, savings, defence, and corporate salary; fixed and FCNR, sweep in/out, time and term deposits; and senior citizen schemes, young saver deposits, and recurring and RFC deposits, as well as Rupee multiplier products. It also provides home, personal, gold, car, two-wheeler, commercial vehicle, professional, agricultural, and medical equipment loans, as well as loans against properties and securities; credit cards; micro-finance, working capital, and MSME and business loans, as well as loans to merchants and retailers, and loan on credit cards. In addition, the company offers transaction banking services, including letters of credit/guarantees, structured trade and export finance, and import finance solutions, as well as cash management and remittance services; safe deposit lockers; investment products, such as demat account, mutual fund, gold bond, national pension system, and equity trading; project finance, supply chain financing; investment advisory, strategic mergers and acquisitions, and other advisory services; and health, general, life, and card protection insurance. Further, it provides debit, prepaid, forex, and commercial cards; individual outward remittances, foreign currency bank notes and demand drafts, and travellers cheques; financial inclusion products; trade and foreign exchange accounts; real estate developer financing and bullion services; correspondent banking services; and forex and derivative desk, information and advisory, and remittances through forex channel services. The company was incorporated in 1994 and is based in Mumbai, India."
INFY,INE009A01021,Infosys Limited,Technology,Information Technology Services,6039427088384.00,21.394968,"Infosys Limited, together with its subsidiaries, provides consulting, technology, outsourcing, and digital services in North America, Europe, India, and internationally. It provides digital marketing and digital workplace, digital commerce, digital experience and interactions, and metaverse; data analytics and AI, applied AI, generative AI, and sustainability; blockchain, engineering, and Internet of Things; enterprise agile DevOps, API economy and microservices, application modernization, cloud, digital process automation, digital supply chain, Microsoft business application and cloud business, service experience transformation, energy transition, Network Transformation Services, Infrastructure Services cyber security, and quality engineering solutions; Oracle, SAP, and Salesforce solutions; Topaz, an AI-first set of services, solutions, and platforms using generative AI technologies; and Aster, a set of AI-amplified marketing services, solutions, and platforms. The company also offers Finacle, a core banking solution; Edge suite of products; Panayi platform, Infosys Equinox, Infosys Live Enterprise Suite, Infosys Wingspan, Infosys Helix, Infosys Meridian, Infosys Polyclad, Infosys Cortex, and Stater digital platforms; and Infosys McCamish, an insurance platform. It serves aerospace and defence, agriculture, automotive, chemical manufacturing, communication, consumer packaged goods, education, engineering procurement and construction, financial, healthcare, high technology, industrial manufacturing, information services and publishing, insurance, life science, logistics and distribution, media, entertainment, mining, oil and gas, private equity, professional, public, retail, semiconductor, travel, hospitality, utilities, and waste management industries. The company was formerly known as Infosys Technologies Limited and changed its name to Infosys Limited in June 2011. Infosys Limited was incorporated in 1981 and is headquartered in Bengaluru, India."
ITC,INE646L01027,ITC Limited,Consumer Defensive,Tobacco,5148565307392.00,25.787327,"ITC Limited engages in the fast-moving consumer goods, paperboards, paper and packaging, and Agri businesses in India and internationally. The company offers cigarettes and cigars; foods, including staples, spices, biscuits, confectionery and gums, snacks, noodles and pasta, beverages, dairy products, ready-to-eat meals, chocolates, coffee, and frozen foods; personal care products; education and stationery, such as balls, gels and roller pens, mechanical pencils, geometry boxes, erasers, sharpeners and rulers, wax crayons, plastic crayons, and sketch pens and oil pastels; safety matches; and agar Battis and droops under various brands, as well as operates a hotel under the ITC Grand Central name in Mumbai. It also provides virgin, recycled, coated barrier, cup stock base, liner, liquid packaging, antifungal, solid, and graphic boards, as well as specialty papers; surfacing, print base, barrier, overlay, and liner papers; plastic substitution products; and packaging products, including cartons, flexible, tobacco, and green packaging products. In addition, the company exports feed ingredients, food grains, marine products, processed fruits, coffee products, leaf tobacco products, and spices; and offers information technology services for the banking and financial services, healthcare, manufacturing, consumer goods, travel, and hospitality industries, as well as produces and commercializes seed potato technology products. Further, it provides property infrastructure maintenance; engineering, procurement and construction management and project management consultancy services; business consulting; and ago-forestry and other related services, as well as engages in the fabrication and assembly of machinery for tube filling, cartooning, wrapping, and conveyor solutions and engineering activities. ITC Limited was incorporated in 1910 and is headquartered in Kolkata, India."
JSWSTEEL,INE758E01017,JSW Steel Limited,Basic Materials,Steel,2558067212288.00,52.954548,"JSW Steel Limited manufactures and sells iron and steel products in India and internationally. The company offers colour coated steel products, colour-coated roofing sheets, galvalume coil and sheets, aluminium-zinc sheets, galvanized corrugated sheets, tin plate products, lead-free coils and sheets, Al-Zn-Mg coated galvanized steel, multi-utility steel sheets, hot rolled and cold-rolled coils, cold rolled close annealed, electrical, coated steel products, TMT bars, wire rods, alloy steel products, and steel doors under the JSW Silverton+, JSW Radiance, JSW Ever glow, JSW Coloron+, JSW Pragati+, JSW Vishwas, JSW Vishwas+, JSW Galvos, JSW Galvao, JSW Platina, JSW Neo steel, JSW Trustee, JSW Avante, and JSW Magura brands. It also involved in trades in steel and allied products, and iron ore products; logistic infrastructure, real estate, and mining; and manufactures paints, forged steel ball, slabs, plates, pipes, and double jointing; In addition, the company engages in the production of gaseous and liquid form of oxygen, nitrogen, argon, and other products recoverable from separation of air; scrap shredding; manages the logistic infrastructure of palominos port area; and operation of coke oven and pellet plant, and steel plants. Its products are used in automotive, general engineering, machinery, and projects and construction sectors. The company was formerly known as Jindal Vijayanagar Steel Limited and changed its name to JSW Steel Limited in June 2005. JSW Steel Limited was founded in 1982 and is headquartered in Mumbai, India."
KOTAKBANK,INE237A01028,Kotak Mahindra Bank Limited,Financial Services,Banks - Regional,4008055668736.00,20.923813,"Kotak Mahindra Bank Limited provides a range of banking and financial services to corporate and individual customers in India. It operates through Treasury, BMU, and Corporate Centre; Retail Banking; Corporate / Wholesale Banking; Digital Banking; Other Retail Banking; Vehicle Financing; Other Lending Activities; Broking; Advisory and Transactional Services; Asset Management; and Insurance segments. The company offers savings, current, and salary accounts; fixed, recurring, tax saving fixed, senior citizen, and fixed deposit products; home, personal, business, payday, gold, education, commercial vehicle, car, and crop loans, as well as loan against securities and properties; construction equipment, tractor and farm equipment, healthcare, trade and supply chain, and working capital finance solutions; and prepaid, credit, and debit cards. It also provides Investment products; life, term, health, car, and two wheeler insurance; payment services; trade services; business management and marketing, enterprise resource planning, supply chain and logistics, human resource, business travel, workspace management, taxation and legal, and healthcare/medical equipment services; cash management services, such as digital payments, physical collections, digital collections, and payment gateways; private banking services; net banking; and NRI services. In addition, the company offers term deposits, consumer finance, business banking, rural housing, Festas, project finance, foreign exchange, custody services, debt capital markets; structured financing, discretionary, investment advisory solutions; estate planning, research services, margin trading facility, and index, overseas funds. Kotak Mahindra Bank Limited was incorporated in 1985 and is headquartered in Mumbai, India."
LTIM,INE670K01029,Limetree Limited,Technology,Information Technology Services,1501511548928.00,31.816185,"Limetree Limited, a technology consulting and digital solutions company, provides information technology services and solutions in India, North America, Europe, and internationally. It operates through Banking, Financial Services & Insurance; Technology, Media & Communications; Manufacturing & Resources; Consumer Business; and Health, Life Sciences & Public Services. The company offers cloud and infrastructure services, consulting, cyber security, digital engineering, enterprise application and automation, platform operation, low code, data and analytics, and quality and digital engineering services, as well as experience design and innovation, digital marketing and e-commerce, blockchain, experience channel, immersive and cognitive experience, digital integration and process automation, and product engineering solutions; and a range of IT services. It serves various industries, such as banking and financial services, insurance, Hi-tech and service, manufacturing and resources, energy and utilities, retail and consumer packaged goods, public, healthcare, life sciences, transport and hospitality, and travel, as well as communications, media, and entertainment industries. The company was formerly known as Larsen & Toubro Infotech Limited and changed its name to Limetree Limited in November 2022. The company was incorporated in 1996 and is based in Mumbai, India. Limetree Limited is a subsidiary of Larsen & Toubro Limited."
LT,INE018A01030,Larsen & Toubro Limited,Industrials,Engineering & Construction,5005210288128.00,31.530064,"Larsen & Toubro Limited engages in engineering, procurement, and construction projects (EPC) in India and internationally. The Infrastructure Projects segment is involved in the engineering and construction of building and factories, transportation infrastructure, heavy civil infrastructure, power transmission and distribution, water and effluent treatment, and minerals and metals. The Energy Projects segment provides EPC solutions in oil & gas, refineries, petrochemicals & offshore wind energy sectors, from front-end design through detailed engineering, modular fabrication, procurement, project management, construction, installation and commissioning; Carbonite solutions for power generation plants including power generation equipment with associated systems; and carbon capture utilization and utility packages. The Hi-Tech Manufacturing segment designs, manufactures/constructs, supplies, and revamps/retrofits custom designed engineered critical equipment and systems for the process plants, nuclear energy, and green hydrogen sectors; marine and land platforms, related equipment and systems, and aerospace products and systems; precision and electronics products and systems for defence, security, space, and industrial sectors; and electrolysers. The IT & Technology Services segment offers information technology and integrated engineering services, e-commerce/digital platforms and data centres, and semiconductor chip design solutions. The Financial Services segment provides retail finance. The Development Projects segment develops, operates, and maintains metro project comprising transit-oriented development, toll roads, power generation and development, thermal power, and green energy. The Others segment engages in realty, manufacture and sale of industrial valves; marketing and servicing of construction equipment, mining machinery and parts, and processing machinery. Larsen & Toubro Limited was founded in 1938 and is headquartered in Mumbai, India."
M&M,INE101A01026,Mahindra & Mahindra Limited,Consumer Cyclical,Auto Manufacturers,3822995898368.00,26.106834,"Mahindra & Mahindra Limited provides mobility products and farm solutions in India and internationally. It operates through five segments: Automotive; Farm Equipment; Auto Investments; Farm Investments; and Investments in Industrial Businesses and Consumer Services. The company offers commercial vehicles, trucks, buses, vans, passenger cars, utility vehicles, and electric vehicles (EV), as well as motorcycles; aero and defence products; offers construction equipment, such as rotaries, tillers, loaders, and backhoes under the Mahindra Earth Master brand; and road construction equipment comprising motor graders under the Mahindra Road Master brand. It is also involved in the provision of farm equipment, including tractors under the Mahindra, Swaraj, and Transtar brands, as well as farm mechanization solutions, such as rotavators, cultivators, harvesters, rice transplanters, balers, sprayers, and implements and attachments; and renewable energy business comprising installation of EV chargers and provision of Li-ion batteries. In addition, the company offers financial services, such as fixed deposits, retail and other loans, leasing, SME finance, housing finance, mutual funds, and life and non-life insurance broking services, as well as vehicle and equipment financing; provides logistics services; power backup solutions, including diesel and gas generators; and technology services comprising business process, integrated engineering, infrastructure and cloud, network, application development and maintenance, supply chain digital transformation, and design services. Further, it engages in the sale of timeshare and vacation ownership through its resorts; develops and sells residential properties, and engages in the development, management, and operation of commercial complexes; and processing and trading of steel for automotive, non-automotive, and power industries. The company was incorporated in 1945 and is headquartered in Mumbai, India."
MARUTI,INE585B01010,Maruti Suzuki India Limited,Consumer Cyclical,Auto Manufacturers,3945129050112.00,27.133743,"Maruti Suzuki India Limited engages in the manufacture, purchase, and sale of motor vehicles, components, and spare parts primarily in India. The company offers passenger vehicles, utility vehicles, and multi-purpose vehicles. It is also involved in the facilitation of pre-owned car sales, fleet management, and car financing activities. In addition, the company offers driving school, accessories, insurance, and financing products and services. It also exports its products to Mexico, Chile, Saudi Arabia, South Africa, Philippines, and internationally. The company was formerly known as Maruti Udyog Limited and changed its name to Maruti Suzuki India Limited in September 2007. Maruti Suzuki India Limited was incorporated in 1981 and is headquartered in New Delhi, India. Maruti Suzuki India Limited operates as a subsidiary of Suzuki Motor Corporation."
NESTLEIND,INE239A01024,Nestlé India Limited,Consumer Defensive,Packaged Foods,2171667087360.00,69.9503,"Nestlé India Limited engages in the manufacture and sale of food products in India and internationally. The company provides milk products and nutrition, including dairy whitener, condensed milk, UHT milk, yogurt, maternal and infant formula, baby foods, health care nutrition; prepared dishes and cooking aids, such as noodles, sauces, seasonings, pasta, cereals, and pet foods; powdered and liquid beverages comprising instant coffee and tea, as well as ready to drink beverages; and confectionery products consisting of bar contlines, tablets, and sugar confectionery products. The company was incorporated in 1959 and is headquartered in Gurugram, India."
NTPC,INE239A01024,NTPC Limited,Utilities,Utilities - Regulated Electric,3242087940096.00,18.335163,"NTPC Limited operates as an integrated power company in India. It operates through two segments: Generation and Others. The company generates power from fossil fuels, hydro, solar, wind, nuclear, and renewable energy sources. It also engages in the coal mining and energy trading business. NTPC Limited was incorporated in 1975 and is based in New Delhi, India."
ONGC,INE213A01029,Oil and Natural Gas Corporation Limited,Energy,Oil & Gas Integrated,2948199350272.00,8.139284,"Oil and Natural Gas Corporation Limited, together with its subsidiaries, engages in the exploration, development, and production of crude oil and natural gas in India and internationally. It operates through Exploration and Production, and Refining & Marketing segments. The company also engages in the refining and marketing of petroleum products; transportation of oil and natural gas; and production of liquefied petroleum gas, naphtha, ethane/propane, butane, kerosene oil, low sulphur heavy stock, aviation turbine fuel, mineral turpentine oil, carbon credits, and diesel. In addition, it generates wind power through a total installed capacity of 153.9 MW; and solar power through a total installed capacity of 39.52 MW, as well as generates geothermal power. The company was incorporated in 1993 and is based in New Delhi, India."
POWERGRID,INE752E01010,Power Grid Corporation of India Limited,Utilities,Utilities - Regulated Electric,2664155578368.00,17.888819,"Power Grid Corporation of India Limited, an electric power transmission utility, engages in the power transmission business in India and internationally. It operates in three segments: Transmission Services, Telecom Services, and Consultancy Services. As of 31 March 2025, the company owned and operated 1,80,195 circuit kilometres of transmission lines; and 282 substations with an aggregate transformation capacity of 5,51,961 mega volt amperes. It also provides telecom services that provide overhead optic fibber network services using optical ground wire on power transmission lines under the POWERTEL brand name, as well as lease lines, MPLS-VPN, data, infrastructure, and international long-distance services. In addition, it provides consultancy services to the transmission, distribution, and telecom sectors on system planning and feasibility studies; environmental and social studies; design and engineering; contact/procurement services; project management and construction supervision; capacity building; operation and maintenance; asset management; owners' and lenders' engineer services to utilities and funding institutions; preparation of grid code, tariff mechanisms, and market analysis; legal and technical advisory in power transmission; power system studies/DPR preparation; smart grid and EV charging; load despatch and communication; sub-transmission/distribution/rural electrification services; testing and quality assurance and inspection; energy efficiency; and preventive vigilance, as well as human resource development. Further, it operates electric vehicle charging stations; and engages in solar power generation, green hydrogen production, smart metering, and data centres. The company was formerly known as National Power Transmission Corporation Limited and changed its name to Power Grid Corporation of India Limited in October 1992. Power Grid Corporation of India Limited was incorporated in 1989 and is based in Gurugram, India."
RELIANCE,INE002A01018,Reliance Industries Limited,Energy,Oil & Gas Refining & Marketing,18781757767680.00,23.031862,"Reliance Industries Limited engages in hydrocarbon exploration and production, oil and chemicals, textile, retail, digital, material and composites, renewables, and financial services businesses worldwide. It operates through Oil to Chemicals, Oil and Gas, Retail, Digital Services, and Others segments. The company produces and markets petroleum products, such as liquefied petroleum gas, propylene, naphtha, gasoline, jet/aviation turbine fuel, kerosene oil, diesel, sulphur, and petroleum coke. It also provides petrochemicals, including high-density and low-density polyethylene (PE), linear low-density PE, polyester fibbers and yarns, polypropylene, polyvinyl chloride, purified terephthalic acid, ethylene glycols and oxide, paraxylene, ortho xylene, benzene, linear alkyl benzene and paraffin, poly butadiene rubber, styrene butadiene rubber, butyl rubber, and polyethylene terephthalate. In addition, the company manufactures and markets yarns, fabrics, apparel, and auto furnishings; explores, develops, and produces crude oil and natural gas; and operates various stores comprising neighbourhood, supermarket, hypermarket, wholesale cash and carry, specialty, online stores, as well as stores that offer apparel, beauty and cosmetics, accessories, footwear, consumer electronics, connectivity products, and others. Further, the company provides range of digital television, gaming, broadband, and telecommunication services under the Jio brand name; and non-banking financial and insurance broking services. Additionally, it operates news and entertainment platforms, and Network18 and television channels; publishes magazines; and offers highway hospitality and fleet management services. The company was founded in 1957 and is based in Mumbai, India."
SBILIFE,INE123W01016,SBI Life Insurance Company Limited,Financial Services,Insurance - Life,1857416724480.00,74.371735,"SBI Life Insurance Company Limited operates as a private life insurance company in India. The company's life insurance business comprising individual and group life insurance products, including participating, non-participating, pension, group gratuity, group leave encashment, group superannuation, individual and group immediate annuity, unit-linked and variable insurance products, health, and micro insurance. It also provides accident and disability benefit, level term, and critical illness insurance products. The company offers its products through a multi-channel distribution network comprising individual agents, brokers, corporate agents, bancassurance partners, as well as certified insurance facilitators. It operates various partner branches. The company was incorporated in 2000 and is based in Mumbai, India. SBI Life Insurance Company Limited operates as a subsidiary of State Bank of India."
SBIN,INE775A01035,State Bank of India,Financial Services,Banks - Regional,7387264581632.00,9.204141,"State Bank of India provides banking products and services in India and internationally. It operates through the Treasury, Corporate/Wholesale Banking, Retail Banking, and Other Banking Business segments. The company offers personal banking products and services, including current, savings, salary, and deposit accounts; home, personal, pension, auto, education, and gold loans, as well as loans against insurance policies, property, and securities; debit, business debit, prepaid, and green remit cards; overdrafts; mutual funds, insurance, equity trading, portfolio investment schemes, remittance services; digital lending; and mobile, internet, and digital banking services. It also provides corporate banking products and services comprising corporate accounts, working capital and project finance, deferred payment guarantees, corporate term loans, structured finance, dealer and channel financing, equipment leasing, loan syndication, construction equipment loans, financing Indian firms' overseas subsidiaries or JVs, and cash management, as well as trade and service products. In addition, the company offers NRI services, including accounts, investments, loans, and remittances; agricultural banking services; and international banking services. Further, it provides life and general insurance; estate planning services; merchant banking and advisory; securities broking; trusteeship service; factoring; payment solution; asset management; portfolio and investment management; credit cards; and custody and fund accounting services. State Bank of India was founded in 1806 and is headquartered in Mumbai, India."
SUNPHARMA,INE044A01036,Sun Pharmaceutical Industries Limited,Healthcare,Drug Manufacturers - Specialty & Generic,3889074012160.00,37.39963,"Sun Pharmaceutical Industries Limited, a generic pharmaceutical company, develops, manufactures, and markets branded and generic formulations, and active pharmaceutical ingredients (APIs) in India, the United States, and internationally. The company offers formulations in various therapeutic areas, including neuropsychiatry, cardiology, diabetes, gastroenterology, pain/analgesics, gynaecology, ophthalmology, urology, dermatology, respiratory, anti-infectives, oncology, psychiatry, neurology, orthopaedic, nephrology, urology, dermatology, respiratory, dental, and nutritional's. It also provides generic medications, such as tablets, capsules, injectables, inhalers, ointments, creams, and liquids; speciality medications; antiretrovirals medications; and over-the-counter products, such as vitamins, analgesics, digestives, and lifestyle. In addition, the company offers APIs for anti-cancers, peptides, steroids, sex hormones, immunosuppressant drugs, and controlled substances. It exports its products to approximately 90 countries across Asia, North America, Europe, Africa, South America, and Australia. Sun Pharmaceutical Industries Limited was founded in 1983 and is headquartered in Mumbai, India."
TCS,INE081A01020,Tata Consultancy Services Limited,Technology,Information Technology Services,10969325502464.00,22.259912,"Tata Consultancy Services Limited provides information technology (IT) and IT enabled services in the Americas, Europe, India, and internationally. The company provides TCS ADD, a suite of AI powered life sciences platforms; TCS Bancs, a financial services platform; TCS BFSI Platforms, a cloud-native, as-a-service digital ecosystem for insurers and financial firms; TCS Chroma, a cloud-based human resource management system platform; TCS Customer Intelligence & Insights, an AI-driven customer analytics and real-time CDP solution; TCS ERP on Cloud, an SAP platform as a service; ignitor, a cognitive automation software product; TCS ion, a learning ecosystem; and TCS HOBS, a cloud-native, catalo-centric platform for personalization of products and processes. It also offers TCS Intelligent Urban Exchange for enterprises and smart cities; TCS Omni Store, a retail commerce platform; TCS Optum era, a retail-connected strategic intelligence platform; TCS Tap, a platform for intelligent procurement; Quartz, a distributed ledger technology; TCS Twin, an enterprise digital twin platform; TCS MasterCraft, an AI-driven cognitive automation product; Jile, an enterprise agile planning and delivery tool; and TCS Digi BOLT, an end-to-end, organization-wide enterprise platform. In addition, the company provides cloud, cognitive business, consulting, cybersecurity, data and analytics, enterprise solutions, IoT and digital engineering, TCS interactive, artificial intelligence, network solutions, and sustainability services. It serves banking; capital markets; consumer packaged goods and distribution; communications, media, and information services; education; energy, resources, and utilities; healthcare; high tech; insurance; life sciences; manufacturing; public services; retail; and travel and logistics industries. The company was founded in 1968 and is based in Mumbai, India. Tata Consultancy Services Limited is a subsidiary of Tata Sons Private Limited."
TATACONSUM,INE192A01025,Tata Consumer Products Limited,Consumer Defensive,Packaged Foods,1049895567360.00,79.12006,"Tata Consumer Products Limited, together with its subsidiaries, produces, distributes, and trades in food products in India, the United States, the United Kingdom, and internationally. It operates through Branded Business and Non Branded Business segments. The company provides tea, coffee products, salt, mineral water, food ingredients, sweeteners, ready to cook and ready to eat options, breakfast cereals, snacks, mini meals, pulses, spices, instant noodles, blended masalas, Chinese sauces, pizza and pasta sauces, pasta sauce masala, ginger garlic paste, and dry fruits. It also offers health supplement; glucose drinks; juices; ready-to-drink beverages; food products; honey and preserves; muesli; and Momo chutney, easy cook Kabuli chana, roll cook ragi atta, corn flakes, oats, rusk, and juices. The company provides its products primarily under the Tata Tea, Tetley, 1868 by Tata Tea, Tata Coffee Grand, Tata Coffee Gold, Tata Coffee Quick Filter, Sonnets by Tata Coffee, Tata Salt, Tata Sampan, Smith & Jones, Tata Soulful, Himalayan honey and preserves, Ching's Secret, Tata Simply Better, Himalayan water, Tata Copper+, Tata Glico+, Tata Fru ski, Good Earth, Tea pigs, Eight O'clock, Tata Raasa, Vitex, Laager, Joyful, Tea4Kidz, Society Coffee, Tata Tea Vita Care, Tata Tea Chakra Gold, Tata Salt Rock Salt, Spice Mix, Tata Tea Gold, Tata Tea Premium, Kanan Devan, Chakra Gold, Agni, 1868 collection, and Say Never brands. The company was formerly known as Tata Global Beverages Limited and changed its name to Tata Consumer Products Limited in February 2020. Tata Consumer Products Limited was incorporated in 1962 and is based in Mumbai, India."
TATAMOTORS,INE155A01022,Tata Motors Limited,Consumer Cyclical,Auto Manufacturers,2401763590144.00,10.036154,"Tata Motors Limited designs, develops, manufactures, and sells various automotive vehicles. It operates through Automotive and Others segments. The company offers passenger cars; sports utility vehicles; intermediate and light commercial vehicles; small, medium, and heavy commercial vehicles; defence vehicles; pickups, wingers, buses, vans, and trucks; and electric vehicles, as well as related spare parts and accessories. It also manufactures engines for industrial applications, and aggregates comprising axles and transmissions for commercial vehicles; and factory automation equipment, as well as provides information technology, insurance broking, and vehicle financing services. The company offers its products under the Tata, Daewoo, Harrier, Safari, Curve, Nexon, Altro, Punch, Tiago, Tiger, Jaguar, and Land Rover brands. It operates in India, China, the United States, the United Kingdom, rest of Europe, and internationally. The company offers its products to fleet owners, transporters, government agencies, defence, public transport utilities, small and medium enterprises (SMEs), agriculture and rural segment, mining and construction industry, etc. Tata Motors Limited was incorporated in 1945 and is headquartered in Mumbai, India."
TATAPOWER,INE245A01021,Tata Power Company Limited,Utilities,Utilities - Independent Power Producers,1224773730304.00,30.228704,"Tata Power Company Limited engages in the generation, transmission, distribution, and trading of electricity in India and internationally. It operates through Thermal and Hydro, Renewables, Transmission and Distribution, and Others segments. The company generates power from hydroelectric and thermal sources, such as coal, gas, and oil; and provides related ancillary services. It also engages in the operation of transmission and distribution networks; and sale of power to retail customers through distribution network and related ancillary services. In addition, the company offers project management contracts/infrastructure management, and property development services, as well as rents oil tanks. Further, the company manufactures and sells solar cells and modules, and pumps; operates electric vehicle charging stations and coal mines; generates electricity through solar, wind, and waste heat sources; trades in power; and provides engineering, procurement, and construction, as well as logistics services. Additionally, it offers microgrid, rooftop solar, and home automation solutions. As of March 31, 2025, it had an installed generation capacity of 15,733 megawatt. Tata Power Company Limited was founded in 1915 and is headquartered in Mumbai, India."
TATASTEEL,INE081A01020,Tata Steel Limited,Basic Materials,Steel,1975408394240.00,43.513737,"Tata Steel Limited engages in the manufacture and distribution of steel products in India and internationally. It offers reinforcement bars (rebars) and wire rods, cut-and-bend reinforcement bars, welded wire mesh, prefabricated cages (pre-cages), steel couplers and carpet reinforcement, hot-rolled, cold rolled, coated coil, tubes, rebar, metallic coated, pre-finished steels, alloy steels, and profiles and construction systems. The company also provides solutions in building envelope, structural, fit-out, foundations, and highway engineering products, as well as operates steel service centres. It serves agricultural, automotive, construction, consumer goods, energy and power, engineering, and material handling industries. The company was incorporated in 1907 and is based in Mumbai, India."
TECHM,INE669C01036,Tech Mahindra Limited,Technology,Information Technology Services,1294138867712.00,28.56194,"Tech Mahindra Limited provides information technology services and solutions in the Americas, Europe, India, and internationally. The company operates through Information technology (IT) Business and Business Process Services (BPS) segments. It offers Application Development Maintenance, intelligent automation, testing, and performance engineering; cloud consulting; engineering and network services; data analytics; and artificial intelligence services. The company also provides business process services, including Consulting NXT.NOW, growth accelerators, business-process-as-a-service; and service desk, technical assistance centre, supply chain management, finance and accounting, GIS, analytics, trust and safety, customer experience, and transformation through technology; customer experience and design services; and cyber security, blockchain, and metaverse. In addition, it offers ESG consulting, energy, resource management, ESG talent pool, supply chain, data management and reporting, and environment, health, and safety; and digital enterprise applications. Further, the company provides Yantr.ai, a field service management software; Korea, a cloud-native AI-powered workforce management solution; Popular, and enterprise gig platform; Ace Fin, an AI-based BaaS solution; Aft EAZE, a digital aftermarket platform; netOps.ai, a cloud platform for telco networks; Mobily tix marketing studio; Epsilon automation platform; Endellion, a chatbot platform; Blue Marble solution; and Info Wise for enterprise metadata. It serves banking and financial services; communication; energy and utilities; healthcare and life sciences; hi-tech; insurance; manufacturing; media and entertainment; private equity; oil and gas; professional service; retail and consumer goods; and travel, transportation, hospitality, and logistic sectors. The company was incorporated in 1986 and is based in Pune, India."
TITAN,INE280A01028,Titan Company Limited,Consumer Cyclical,Luxury Goods,3033960022016.00,90.96543,"Titan Company Limited, together with its subsidiaries, manufactures and sells watches, jewellery, eyewear, and other accessories and products in India and internationally. It operates through four segments: Watches and Wearables, Jewellery, Eyecare, and Others. The company designs, manufactures, and retails watches and wearables under the Nebula, Titan, Titan Clocks, Zoup, Titan Octane, Raga, Xylyl, Edge, Fastrack, Sonata, Titan Smart, Fastrack smart, SF, Titan World, and Helios brands; jewellery products under the Mia, Carat Lane, Tanishq, and Zoya brands; and eyecare products under the Titan Glares, Titan Eye+ and Fastrack Eyecare brands. It also offers sarees, dress materials, and ready-to-wear kurtas under the Tamira brand; perfumes under the SKINN brand; belts and wallets under the TITAN brand; and bags under the Fastrack and IRTH brands. In addition, the company provides manufacturing services and automation solutions for aerospace, defence, transportation, electrical and electronics, and medical sectors. It offers its products through owned and franchised retail stores, as well as online. The company was formerly known as Titan Industries Limited and changed its name to Titan Company Limited in August 2013. Titan Company Limited was incorporated in 1984 and is based in Bengaluru, India."
ULTRACEMCO,INE481G01011,UltraTech Cement Limited,Basic Materials,Building Materials,3624259026944.00,53.4696,"UltraTech Cement Limited, together with its subsidiaries, engages in the manufacture and sale of clinker, cement, ready mix concrete, and related products in India, the United Arab Emirates, Bahrain, and Sri Lanka. The company offers ordinary Portland, Portland pozzolana, composite, Weather Plus, and Portland slag; white cement, wall care putty, and value-added products; ready-mix concrete; dry mix mortars, such as tile and marble binders, plasters and mortars, industrial and precision grouts, repair and rehabilitation, and flooring screed; and waterproofing products, including liquid and cement waterproofing products. It also provides masonry products; and TMT steel bars, paints, waterproofing solutions and treatments, switchboards and fittings, plywood, shuttering ply, power and hand tools, PVC pipes, sanitary ware, roofing sheets, and water storage tanks, as well as flooring materials, such as marble, granite, and semi-precious stones through its retail stores under UltraTech Home Expert Store brand name. In addition, the company operates mobile concrete labs that offers on-ground technical assessment of construction materials; and provides Vaastu, pest control, and water testing services, as well as home loans. It offers its products under UltraTech Décor, Surfaced, Pervious, Maheen, Aqua Seal, Thermion+, Free Flow+, Firesafe, Surplus, Corro Protect, Litecoin, floors, Rapid, and ZIP brands. The company was incorporated in 2000 and is based in Mumbai, India. UltraTech Cement Limited operates as a subsidiary of Grasim Industries Limited."
UPL,INE854D01024,UPL Limited,Basic Materials,Agricultural Inputs,584423833600.00,52.758873,"UPL Limited, together with its subsidiaries, engages in the provision of sustainable agriculture products and solutions in India, Europe, North America, Latin America, and internationally. It operates through three segments: Crop Protection, Seeds Business, and Non-Argo. The Crop Protection segment provides herbicides, fungicides, insecticides, acaricides, seed treatment products, adjuvants, bio-solutions, public health products, fumigants, and post-harvest solutions, as well as Productive, a solution for crop protection. The segment also operates nurture. Farm, a Nurture AdTech platform, that provides booking options for farmers in accessing mechanized spraying, harvesting, farm advisory, and soil testing services digitally via a mobile application; and nurture. Farm retail, a platform that serves as an agricultural input e-commerce marketplace. The Seeds Business segment offers various hybrid seeds of grain, forage sorghum, corn, canola, sunflower, and vegetables under Advanta, Alta, Pacific Seeds, and Empyre brands. The Non-Argo segment provides phosphorus derivatives, sulphur derivatives, bitterant, phosgene derivatives, chlorination, carnation chemistry, phosphodiesterase inhibiting bronchodilator, and CNS stimulant products for pharma, alchemy, paints, flame retardants, mining, chemical intermediate markets. It also offers Decco Full Cover, an electrostatic application system that allows minimal fruit coating volumes; DeccoNaturCover, a formula, which features natural extracts to prevent fruit dehydration and preserve its natural appearance; DeccoArcAqua, a technology, that enables ozone release in water-based solutions; and Zeba, a solution n for soil and water management. The company was formerly known as United Phosphorus Limited and changed its name to UPL Limited in October 2013. UPL Limited was founded in 1969 and is headquartered in Mumbai, India."
WIPRO,INE075A01022,Wipro Limited,Technology,Information Technology Services,2530341289984.00,18.864168,"Wipro Limited operates as an information technology (IT), consulting, and business process services company worldwide. It operates through IT Services and IT Products segments. The IT Services segment offers AI-powered IT and IT-enabled services, including digital strategy advisory, customer-centric design, technology and IT consulting, custom application design, development, re-engineering and maintenance, systems integration, package implementation, cloud and infrastructure, business process, cloud, mobility and analytics, research and development, and hardware and software design services to enterprises. It serves customers in various industry sectors, such as communications, media and information services, software and gaming, new age technology, consumer goods, healthcare, medical devices and life sciences, and technology products and services, as well as banking and financial services, energy, manufacturing and resources, capital markets and insurance, and hi-tech. The IT Products segment provides a range of third-party IT products comprising enterprise platforms, networking solutions, software and data storage products, contact center infrastructure, enterprise security, IT optimization technologies, video solutions, and end-user computing solutions. It serves enterprises in various industries primarily in the India market, which comprise the government, defence, IT and IT-enabled services, telecommunications, manufacturing, utilities, education, and financial services sectors. The company was incorporated in 1945 and is based in Bengaluru, India."
